<application>
  <component name="ProjectJdkTable">
    <jdk version="2">
      <name value="1.8" />
      <type value="JavaSDK" />
      <homePath value="$USER_HOME$/AppData/Local/JetBrains/jdk8" />
      <roots>
        <annotationsPath>
          <root type="composite">
            <root url="jar://$APPLICATION_PLUGINS_DIR$/rider-android/lib/jdkAnnotations.jar!/" type="simple" />
          </root>
        </annotationsPath>
        <classPath>
          <root type="composite">
            <root url="jar://$USER_HOME$/AppData/Local/JetBrains/jdk8/jre/lib/charsets.jar!/" type="simple" />
            <root url="jar://$USER_HOME$/AppData/Local/JetBrains/jdk8/jre/lib/ext/access-bridge-64.jar!/" type="simple" />
            <root url="jar://$USER_HOME$/AppData/Local/JetBrains/jdk8/jre/lib/ext/cldrdata.jar!/" type="simple" />
            <root url="jar://$USER_HOME$/AppData/Local/JetBrains/jdk8/jre/lib/ext/dnsns.jar!/" type="simple" />
            <root url="jar://$USER_HOME$/AppData/Local/JetBrains/jdk8/jre/lib/ext/jaccess.jar!/" type="simple" />
            <root url="jar://$USER_HOME$/AppData/Local/JetBrains/jdk8/jre/lib/ext/jfxrt.jar!/" type="simple" />
            <root url="jar://$USER_HOME$/AppData/Local/JetBrains/jdk8/jre/lib/ext/localedata.jar!/" type="simple" />
            <root url="jar://$USER_HOME$/AppData/Local/JetBrains/jdk8/jre/lib/ext/nashorn.jar!/" type="simple" />
            <root url="jar://$USER_HOME$/AppData/Local/JetBrains/jdk8/jre/lib/ext/sunec.jar!/" type="simple" />
            <root url="jar://$USER_HOME$/AppData/Local/JetBrains/jdk8/jre/lib/ext/sunjce_provider.jar!/" type="simple" />
            <root url="jar://$USER_HOME$/AppData/Local/JetBrains/jdk8/jre/lib/ext/sunmscapi.jar!/" type="simple" />
            <root url="jar://$USER_HOME$/AppData/Local/JetBrains/jdk8/jre/lib/ext/sunpkcs11.jar!/" type="simple" />
            <root url="jar://$USER_HOME$/AppData/Local/JetBrains/jdk8/jre/lib/ext/zipfs.jar!/" type="simple" />
            <root url="jar://$USER_HOME$/AppData/Local/JetBrains/jdk8/jre/lib/jce.jar!/" type="simple" />
            <root url="jar://$USER_HOME$/AppData/Local/JetBrains/jdk8/jre/lib/jfxswt.jar!/" type="simple" />
            <root url="jar://$USER_HOME$/AppData/Local/JetBrains/jdk8/jre/lib/jsse.jar!/" type="simple" />
            <root url="jar://$USER_HOME$/AppData/Local/JetBrains/jdk8/jre/lib/management-agent.jar!/" type="simple" />
            <root url="jar://$USER_HOME$/AppData/Local/JetBrains/jdk8/jre/lib/resources.jar!/" type="simple" />
            <root url="jar://$USER_HOME$/AppData/Local/JetBrains/jdk8/jre/lib/rt.jar!/" type="simple" />
          </root>
        </classPath>
        <javadocPath>
          <root type="composite">
            <root url="https://docs.oracle.com/javase/8/docs/api/" type="simple" />
          </root>
        </javadocPath>
        <sourcePath>
          <root type="composite" />
        </sourcePath>
      </roots>
      <additional />
    </jdk>
  </component>
</application>