<application>
  <component name="VSTSSettings">
    <option name="serverContexts">
      <array>
        <ServerContextState>
          <option name="type" value="VSO" />
          <option name="uri" value="https://exmos.visualstudio.com/SL1-(SentiLAN)-SentiLAN%20v1%20-%20Current%20System/_git/SentilanCore" />
          <option name="serverUri" value="https://exmos.visualstudio.com" />
          <option name="userId" value="e3eadd4a-c0b7-678d-b670-ffe0210618e0" />
          <option name="teamProjectCollectionReference" value="{&quot;id&quot;:&quot;cb89ff1c-29ff-408f-bb06-ad5143a59355&quot;,&quot;name&quot;:&quot;exmos&quot;,&quot;url&quot;:&quot;https://exmos.visualstudio.com/_apis/projectCollections/cb89ff1c-29ff-408f-bb06-ad5143a59355&quot;}" />
          <option name="teamProjectReference" value="{&quot;abbreviation&quot;:null,&quot;description&quot;:&quot;All SentiLAN related repos and tasks.&quot;,&quot;id&quot;:&quot;5dfcc71d-470e-4d3d-9c1e-2707d29ce80b&quot;,&quot;name&quot;:&quot;SL1-(SentiLAN)-SentiLAN v1 - Current System&quot;,&quot;revision&quot;:404,&quot;state&quot;:&quot;NEW&quot;,&quot;url&quot;:&quot;https://exmos.visualstudio.com/_apis/projects/5dfcc71d-470e-4d3d-9c1e-2707d29ce80b&quot;}" />
          <option name="gitRepository" value="{&quot;defaultBranch&quot;:null,&quot;id&quot;:&quot;855280a5-4435-425c-936c-f7b27618b910&quot;,&quot;name&quot;:&quot;SentilanCore&quot;,&quot;remoteUrl&quot;:&quot;https://exmos.visualstudio.com/SL1-%28SentiLAN%29-SentiLAN%20v1%20-%20Current%20System/_git/SentilanCore&quot;,&quot;url&quot;:&quot;https://exmos.visualstudio.com/_apis/git/repositories/855280a5-4435-425c-936c-f7b27618b910&quot;,&quot;_links&quot;:null,&quot;project&quot;:{&quot;abbreviation&quot;:null,&quot;description&quot;:&quot;All SentiLAN related repos and tasks.&quot;,&quot;id&quot;:&quot;5dfcc71d-470e-4d3d-9c1e-2707d29ce80b&quot;,&quot;name&quot;:&quot;SL1-(SentiLAN)-SentiLAN v1 - Current System&quot;,&quot;revision&quot;:404,&quot;state&quot;:&quot;NEW&quot;,&quot;url&quot;:&quot;https://exmos.visualstudio.com/_apis/projects/5dfcc71d-470e-4d3d-9c1e-2707d29ce80b&quot;}}" />
        </ServerContextState>
        <ServerContextState>
          <option name="type" value="VSO" />
          <option name="uri" value="https://exmos.visualstudio.com" />
          <option name="serverUri" value="https://exmos.visualstudio.com" />
          <option name="userId" value="e3eadd4a-c0b7-678d-b670-ffe0210618e0" />
          <option name="teamProjectCollectionReference" value="{&quot;id&quot;:null,&quot;name&quot;:null,&quot;url&quot;:null}" />
          <option name="teamProjectReference" value="{&quot;abbreviation&quot;:null,&quot;description&quot;:null,&quot;id&quot;:null,&quot;name&quot;:null,&quot;revision&quot;:0,&quot;state&quot;:null,&quot;url&quot;:null}" />
        </ServerContextState>
        <ServerContextState>
          <option name="type" value="VSO" />
          <option name="uri" value="https://exmos.visualstudio.com/SL1-%28SentiLAN%29-SentiLAN%20v1%20-%20Current%20System/_git/Agent" />
          <option name="serverUri" value="https://exmos.visualstudio.com" />
          <option name="userId" value="e3eadd4a-c0b7-678d-b670-ffe0210618e0" />
          <option name="teamProjectCollectionReference" value="{&quot;id&quot;:&quot;cb89ff1c-29ff-408f-bb06-ad5143a59355&quot;,&quot;name&quot;:&quot;exmos&quot;,&quot;url&quot;:&quot;https://exmos.visualstudio.com/_apis/projectCollections/cb89ff1c-29ff-408f-bb06-ad5143a59355&quot;}" />
          <option name="teamProjectReference" value="{&quot;abbreviation&quot;:null,&quot;description&quot;:&quot;All SentiLAN related repos and tasks.&quot;,&quot;id&quot;:&quot;5dfcc71d-470e-4d3d-9c1e-2707d29ce80b&quot;,&quot;name&quot;:&quot;SL1-(SentiLAN)-SentiLAN v1 - Current System&quot;,&quot;revision&quot;:404,&quot;state&quot;:&quot;NEW&quot;,&quot;url&quot;:&quot;https://exmos.visualstudio.com/_apis/projects/5dfcc71d-470e-4d3d-9c1e-2707d29ce80b&quot;}" />
          <option name="gitRepository" value="{&quot;defaultBranch&quot;:null,&quot;id&quot;:&quot;f9817bdd-e567-441b-8799-1b2d63ca63cd&quot;,&quot;name&quot;:&quot;Agent&quot;,&quot;remoteUrl&quot;:&quot;https://exmos.visualstudio.com/SL1-%28SentiLAN%29-SentiLAN%20v1%20-%20Current%20System/_git/Agent&quot;,&quot;url&quot;:&quot;https://exmos.visualstudio.com/_apis/git/repositories/f9817bdd-e567-441b-8799-1b2d63ca63cd&quot;,&quot;_links&quot;:null,&quot;project&quot;:{&quot;abbreviation&quot;:null,&quot;description&quot;:&quot;All SentiLAN related repos and tasks.&quot;,&quot;id&quot;:&quot;5dfcc71d-470e-4d3d-9c1e-2707d29ce80b&quot;,&quot;name&quot;:&quot;SL1-(SentiLAN)-SentiLAN v1 - Current System&quot;,&quot;revision&quot;:404,&quot;state&quot;:&quot;NEW&quot;,&quot;url&quot;:&quot;https://exmos.visualstudio.com/_apis/projects/5dfcc71d-470e-4d3d-9c1e-2707d29ce80b&quot;}}" />
        </ServerContextState>
      </array>
    </option>
    <option name="properties">
      <array>
        <PropertyState>
          <option name="name" value="lastContextKey" />
          <option name="value" value="//exmos.visualstudio.com/sl1-(sentilan)-sentilan v1 - current system/_git/agent" />
        </PropertyState>
      </array>
    </option>
  </component>
</application>